Sample_id,Sample_label
1,3
2,3
3,1
4,1
5,1
6,8
7,9
8,1
9,1
10,2
11,1
12,10
13,1
14,8
15,1
16,8
17,3
18,1
19,3
20,2
21,2
22,7
23,1
24,2
25,1
26,4
27,3
28,8
29,1
30,1
31,4
32,1
33,1
34,5
35,4
36,6
37,1
38,1
39,1
40,2
41,1
42,2
43,3
44,8
45,1
46,2
47,2
48,1
49,4
50,4
51,2
52,3
53,6
54,1
55,3
56,3
57,9
58,1
59,3
60,1
61,1
62,1
63,4
64,1
65,6
66,2
67,1
68,2
69,2
70,1
71,1
72,5
73,8
74,5
75,1
76,2
77,1
78,3
79,9
80,10
81,3
82,1
83,1
84,2
85,3
86,1
87,4
88,3
89,4
90,1
91,6
92,3
93,1
94,1
95,1
96,1
97,6
98,4
99,2
100,5
101,1
102,4
103,5
104,1
105,2
106,1
107,1
108,1
109,2
110,8
111,3
112,2
113,1
114,1
115,1
116,4
117,1
118,1
119,1
120,3
121,1
122,1
123,2
124,1
125,3
126,9
127,1
128,1
129,2
130,2
131,5
132,1
133,1
134,5
135,1
136,4
137,6
138,3
139,3
140,1
141,1
142,1
143,5
144,1
145,7
146,1
147,1
148,1
149,5
150,2
151,2
152,1
153,2
154,4
155,6
156,1
157,8
158,8
159,1
160,4
161,1
162,4
163,8
164,2
165,4
166,4
167,8
168,1
169,6
170,4
171,2
172,1
173,8
174,1
175,1
176,2
177,2
178,1
179,8
180,1
181,1
182,1
183,2
184,6
185,2
186,1
187,3
188,8
189,4
190,4
191,2
192,2
193,1
194,3
195,1
196,3
197,2
198,1
199,2
200,1
201,2
202,4
203,4
204,1
205,3
206,1
207,6
208,2
209,5
210,3
211,1
212,4
213,4
214,1
215,1
216,4
217,1
218,2
219,3
220,2
221,5
222,1
223,1
224,1
225,4
226,2
227,1
228,2
229,3
230,1
231,3
232,4
233,4
234,1
235,6
236,1
237,3
238,5
239,1
240,1
241,8
242,1
243,1
244,1
245,3
246,2
247,3
248,2
249,2
250,2
251,1
252,4
253,1
254,3
255,1
256,2
257,1
258,4
259,1
260,2
261,6
262,2
263,1
264,5
265,4
266,4
267,1
268,8
269,1
270,8
271,1
272,2
273,6
274,6
275,8
276,2
277,1
278,1
279,4
280,1
281,4
282,1
283,1
284,6
285,1
286,2
287,5
288,1
289,4
290,1
291,1
292,1
293,3
294,1
295,6
296,6
297,1
298,1
299,1
300,1
301,1
302,1
303,8
304,1
305,3
306,1
307,1
308,1
309,5
310,1
311,1
312,3
313,2
314,3
315,6
316,3
317,2
318,1
319,2
320,1
321,1
322,2
323,1
324,1
325,1
326,8
327,6
328,1
329,1
330,1
331,1
332,3
333,8
334,1
335,1
336,1
337,1
338,8
339,3
340,4
341,1
342,4
343,1
344,2
345,1
346,2
347,3
348,3
349,5
350,1
351,1
352,3
353,6
354,6
355,1
356,1
357,8
358,3
359,5
360,1
361,1
362,1
363,1
364,3
365,2
366,3
367,1
368,2
369,2
370,6
371,8
372,2
373,1
374,1
375,1
376,4
377,2
378,1
379,1
380,1
381,1
382,1
383,1
384,1
385,1
386,3
387,3
388,1
389,1
390,2
391,5
392,1
393,6
394,1
395,4
396,7
397,1
398,9
399,8
400,1
401,2
402,1
403,4
404,2
405,2
406,2
407,2
408,1
409,1
410,1
411,1
412,5
413,8
414,1
415,2
416,1
417,9
418,1
419,4
420,3
421,1
422,2
423,1
424,4
425,1
426,4
427,2
428,6
429,3
430,3
431,1
432,1
433,1
434,4
435,1
436,1
437,3
438,2
439,5
440,8
441,2
442,5
443,1
444,1
445,3
446,3
447,1
448,9
449,2
450,1
451,1
452,2
453,1
454,1
455,2
456,3
457,3
458,1
459,5
460,1
461,1
462,1
463,2
464,1
465,1
466,1
467,3
468,3
469,2
470,8
471,8
472,1
473,2
474,1
475,2
476,8
477,3
478,8
479,4
480,6
481,3
482,8
483,4
484,3
485,1
486,3
487,1
488,1
489,7
490,2
491,2
492,4
493,1
494,3
495,2
496,2
497,3
498,4
499,1
500,1
501,4
502,1
503,1
504,1
505,6
506,1
507,1
508,8
509,2
510,1
511,4
512,6
513,1
514,2
515,3
516,5
517,2
518,8
519,1
520,1
521,3
522,1
523,1
524,1
525,1
526,1
527,5
528,9
529,1
530,3
531,2
532,1
533,2
534,1
535,1
536,1
537,2
538,1
539,3
540,4
541,9
542,3
543,4
544,4
545,3
546,2
547,2
548,1
549,5
550,5
551,1
552,4
553,8
554,1
555,1
556,2
557,1
558,7
559,4
560,4
561,1
562,4
563,2
564,3
565,1
566,1
567,8
568,8
569,2
570,4
571,8
572,1
573,1
574,1
575,4
576,3
577,2
578,1
579,4
580,2
581,3
582,4
583,1
584,5
585,2
586,6
587,1
588,1
589,5
590,1
591,1
592,1
593,1
594,1
595,1
596,1
597,9
598,1
599,4
600,1
601,8
602,3
603,3
604,1
605,2
606,1
607,1
608,1
609,2
610,1
611,8
612,1
613,3
614,3
615,1
616,3
617,5
618,1
619,2
620,1
621,1
622,1
623,1
624,1
625,2
626,5
627,5
628,1
629,3
630,4
631,4
632,1
633,2
634,2
635,1
636,4
637,3
638,1
639,1
640,6
641,2
642,4
643,8
644,8
645,1
646,1
647,2
648,4
649,4
650,1
651,3
652,1
653,6
654,3
655,2
656,8
657,4
658,9
659,1
660,4
661,3
662,1
663,4
664,2
665,4
666,6
667,5
668,1
669,3
670,8
671,1
672,1
673,1
674,1
675,1
676,1
677,1
678,1
679,1
680,1
681,1
682,1
683,1
684,2
685,4
686,6
687,5
688,4
689,2
690,1
691,1
692,4
693,1
694,1
695,4
696,1
697,1
698,6
699,4
700,3
701,2
702,2
703,1
704,4
705,1
706,2
707,1
708,6
709,2
710,1
711,1
712,2
713,1
714,1
715,4
716,5
717,1
718,9
719,1
720,1
721,6
722,2
723,8
724,2
725,3
726,1
727,3
728,1
729,1
730,1
731,1
732,1
733,6
734,4
735,8
736,1
737,3
738,2
739,6
740,1
741,1
742,2
743,3
744,1
745,4
746,3
747,6
748,1
749,5
750,1
751,1
752,3
753,2
754,8
755,6
756,6
757,1
758,1
759,8
760,1
761,2
762,1
763,1
764,6
765,1
766,3
767,1
768,4
769,8
770,1
771,1
772,1
773,2
774,1
775,5
776,4
777,1
778,1
779,1
780,5
781,1
782,1
783,1
784,3
785,2
786,1
787,2
788,3
789,1
790,1
791,1
792,1
793,8
794,3
795,2
796,1
797,3
798,1
799,1
800,3
801,8
802,1
803,6
804,1
805,1
806,2
807,1
808,1
809,1
810,2
811,8
812,8
813,2
814,1
815,2
816,1
817,6
818,1
819,6
820,2
821,2
822,1
823,2
824,1
825,3
826,6
827,1
828,1
829,1
830,2
831,8
832,9
833,8
834,1
835,1
836,1
837,1
838,2
839,3
840,1
841,2
842,2
843,1
844,2
845,3
846,4
847,1
848,6
849,8
850,3
851,2
852,1
853,2
854,4
855,1
856,6
857,1
858,2
859,3
860,6
861,1
862,9
863,2
864,1
865,2
866,3
867,1
868,2
869,8
870,2
871,1
872,1
873,1
874,1
875,6
876,7
877,4
878,5
879,1
880,1
881,2
882,4
883,2
884,2
885,8
886,2
887,4
888,1
889,4
890,1
891,2
892,4
893,1
894,1
895,1
896,1
897,1
898,4
899,2
900,6
901,1
902,2
903,2
904,8
905,1
906,2
907,1
908,8
909,1
910,4
911,1
912,9
913,1
914,1
915,1
916,5
917,1
918,4
919,1
920,1
921,1
922,1
923,1
924,1
925,1
926,3
927,1
928,6
929,3
930,1
931,2
932,1
933,2
934,2
935,4
936,1
937,1
938,1
939,4
940,3
941,5
942,1
943,4
944,3
945,2
946,1
947,1
948,4
949,2
950,2
951,2
952,1
953,1
954,2
955,1
956,6
957,1
958,3
959,1
960,3
961,2
962,2
963,3
964,1
965,6
966,1
967,6
968,6
969,5
970,2
971,2
972,1
973,1
974,3
975,3
976,3
977,2
978,2
979,2
980,2
981,2
982,1
983,1
984,4
985,8
986,1
987,4
988,8
989,2
990,3
991,2
992,1
993,2
994,1
995,2
996,6
997,8
998,5
999,3
1000,1
1001,1
1002,1
1003,5
1004,3
1005,2
1006,1
1007,1
1008,1
1009,1
1010,1
1011,1
1012,4
1013,2
1014,1
1015,6
1016,1
1017,1
1018,1
1019,1
1020,3
1021,1
1022,3
1023,1
1024,5
1025,8
1026,3
1027,1
1028,1
1029,1
1030,1
1031,3
1032,2
1033,1
1034,3
1035,3
1036,4
1037,3
1038,2
1039,1
1040,6
1041,4
1042,2
1043,2
1044,4
1045,5
1046,1
1047,1
1048,3
1049,6
1050,1
1051,1
1052,1
1053,1
1054,3
1055,3
1056,3
1057,5
1058,2
1059,4
1060,1
1061,5
1062,2
1063,1
1064,2
1065,2
1066,1
1067,6
1068,3
1069,1
1070,3
1071,6
1072,6
1073,5
1074,1
1075,4
1076,5
1077,4
1078,8
1079,5
1080,4
1081,1
1082,2
1083,1
1084,2
1085,1
1086,1
1087,1
1088,4
1089,5
1090,3
1091,1
1092,6
1093,1
1094,6
1095,4
1096,1
1097,2
1098,1
1099,1
1100,1
1101,1
1102,1
1103,1
1104,1
1105,2
1106,4
1107,4
1108,1
1109,2
1110,1
1111,5
1112,1
1113,3
1114,5
1115,1
1116,6
1117,3
1118,9
1119,1
1120,4
1121,2
1122,1
1123,2
1124,4
1125,4
1126,1
1127,1
1128,2
1129,5
1130,1
1131,4
1132,3
1133,4
1134,1
1135,1
1136,1
1137,6
1138,5
1139,3
1140,1
1141,1
1142,4
1143,1
1144,2
1145,1
1146,2
1147,1
1148,2
1149,2
1150,1
1151,2
1152,1
1153,1
1154,2
1155,2
1156,1
1157,6
1158,1
1159,1
1160,1
1161,2
1162,3
1163,1
1164,3
1165,4
1166,2
1167,6
1168,6
1169,6
1170,2
1171,1
1172,2
1173,6
1174,5
1175,2
1176,4
1177,5
1178,2
1179,1
1180,2
1181,1
1182,2
1183,1
1184,4
1185,5
1186,2
1187,3
1188,8
1189,8
1190,1
1191,1
1192,3
1193,1
1194,5
1195,1
1196,1
1197,3
1198,1
1199,3
1200,2
1201,2
1202,1
1203,3
1204,5
1205,2
1206,9
1207,6
1208,2
1209,2
1210,8
1211,3
1212,2
1213,1
1214,1
1215,1
1216,6
1217,6
1218,6
1219,3
1220,1
1221,1
1222,2
1223,3
1224,8
1225,6
1226,1
1227,2
1228,1
1229,1
1230,6
1231,3
1232,3
1233,2
1234,2
1235,6
1236,1
1237,8
1238,6
1239,2
1240,1
1241,2
1242,1
1243,3
1244,4
1245,1
1246,4
1247,1
1248,2
1249,4
1250,2
1251,1
1252,1
1253,2
1254,1
1255,2
1256,1
1257,3
1258,1
1259,2
1260,5
1261,1
1262,8
1263,1
1264,1
1265,1
1266,2
1267,1
1268,8
1269,4
1270,1
1271,5
1272,2
1273,1
1274,2
1275,6
1276,6
1277,2
1278,1
1279,6
1280,1
1281,8
1282,3
1283,2
1284,6
1285,6
1286,1
1287,1
1288,1
1289,6
1290,5
1291,1
1292,1
1293,2
1294,4
1295,1
1296,5
1297,1
1298,8
1299,3
1300,2
1301,5
1302,1
1303,6
1304,1
1305,1
1306,1
1307,2
1308,1
1309,1
1310,6
1311,3
1312,6
1313,1
1314,1
1315,2
1316,2
1317,3
1318,2
1319,1
1320,1
1321,6
1322,1
1323,1
1324,5
1325,2
1326,1
1327,1
1328,4
1329,3
1330,8
1331,4
1332,1
1333,5
1334,1
1335,4
1336,1
1337,2
1338,7
1339,2
1340,1
1341,1
1342,1
1343,1
1344,2
1345,9
1346,3
1347,4
1348,1
1349,1
1350,2
1351,1
1352,2
1353,1
1354,4
1355,10
1356,2
1357,1
1358,2
1359,4
1360,1
1361,4
1362,7
1363,3
1364,4
1365,1
1366,5
1367,1
1368,3
1369,2
1370,8
1371,8
1372,1
1373,9
1374,1
1375,2
1376,5
1377,1
1378,1
1379,4
1380,6
1381,1
1382,1
1383,1
1384,3
1385,8
1386,1
1387,3
1388,3
1389,1
1390,5
1391,6
1392,1
1393,1
1394,1
1395,1
1396,1
1397,6
1398,2
1399,3
1400,1
1401,3
1402,2
1403,2
1404,2
1405,5
1406,7
1407,4
1408,4
1409,3
1410,6
1411,6
1412,8
1413,2
1414,2
1415,6
1416,1
1417,6
1418,1
1419,6
1420,2
1421,2
1422,6
1423,4
1424,3
1425,2
1426,1
1427,6
1428,2
1429,2
1430,1
1431,1
1432,1
1433,1
1434,2
1435,2
1436,3
1437,2
1438,3
1439,3
1440,9
1441,1
1442,1
1443,1
1444,1
1445,1
1446,2
1447,3
1448,2
1449,1
1450,1
1451,4
1452,1
1453,1
1454,1
1455,2
1456,1
1457,1
1458,1
1459,6
1460,1
1461,2
1462,2
1463,1
1464,2
1465,6
1466,3
1467,1
1468,4
1469,4
1470,1
1471,2
1472,3
1473,1
1474,1
1475,2
1476,3
1477,2
1478,1
1479,4
1480,1
1481,3
1482,3
1483,1
1484,3
1485,1
1486,4
1487,1
1488,6
1489,1
1490,8
1491,1
1492,8
1493,8
1494,5
1495,1
1496,2
1497,1
1498,2
1499,1
1500,2
1501,6
1502,1
1503,5
1504,4
1505,1
1506,1
1507,1
1508,1
1509,4
1510,1
1511,1
1512,2
1513,1
1514,9
1515,1
1516,4
1517,7
1518,4
1519,1
1520,5
1521,1
1522,1
1523,1
1524,2
1525,6
1526,8
1527,1
1528,2
1529,4
1530,1
1531,5
1532,1
1533,1
1534,2
1535,1
1536,2
1537,1
1538,1
1539,1
1540,2
1541,1
1542,1
1543,1
1544,4
1545,2
1546,1
1547,1
1548,1
1549,1
1550,1
1551,1
1552,1
1553,1
1554,8
1555,8
1556,6
1557,1
1558,1
1559,1
1560,1
1561,1
1562,1
1563,1
1564,9
1565,1
1566,6
1567,3
1568,3
1569,8
1570,2
1571,2
1572,3
1573,1
1574,3
1575,1
1576,1
1577,3
1578,4
1579,4
1580,1
1581,1
1582,1
1583,1
1584,1
1585,3
1586,8
1587,3
1588,6
1589,6
1590,8
1591,3
1592,1
1593,3
1594,1
1595,3
1596,1
1597,1
1598,4
1599,3
1600,1
1601,3
1602,2
1603,1
1604,3
1605,1
1606,5
1607,8
1608,4
1609,1
1610,1
1611,6
1612,2
1613,1
1614,6
1615,6
1616,7
1617,1
1618,2
1619,1
1620,6
1621,1
1622,5
1623,2
1624,4
1625,2
1626,1
1627,1
1628,1
1629,3
1630,8
1631,3
1632,4
1633,3
1634,4
1635,1
1636,4
1637,1
1638,1
1639,1
1640,3
1641,1
1642,2
1643,1
1644,4
1645,4
1646,1
1647,2
1648,1
1649,1
1650,1
1651,1
1652,1
1653,6
1654,2
1655,1
1656,2
1657,1
1658,1
1659,4
1660,4
1661,2
1662,2
1663,5
1664,3
1665,5
1666,8
1667,1
1668,1
1669,1
1670,4
1671,1
1672,1
1673,1
1674,2
1675,1
1676,1
1677,1
1678,3
1679,6
1680,4
1681,1
1682,1
1683,1
1684,8
1685,4
1686,3
1687,8
1688,2
1689,1
1690,1
1691,3
1692,2
1693,2
1694,3
1695,1
1696,3
1697,2
1698,1
1699,8
1700,4
1701,1
1702,3
1703,1
1704,2
1705,1
1706,4
1707,2
1708,1
1709,4
1710,1
1711,1
1712,1
1713,3
1714,6
1715,1
1716,1
1717,8
1718,4
1719,3
1720,2
1721,2
1722,1
1723,1
1724,1
1725,1
1726,1
1727,1
1728,1
1729,1
1730,1
1731,8
1732,1
1733,8
1734,3
1735,8
1736,1
1737,1
1738,6
1739,1
1740,8
1741,1
1742,1
1743,2
1744,2
1745,2
1746,1
1747,4
1748,8
1749,1
1750,10
1751,2
1752,1
1753,3
1754,3
1755,2
1756,1
1757,5
1758,1
1759,8
1760,4
1761,3
1762,1
1763,1
1764,8
1765,2
1766,3
1767,8
1768,3
1769,1
1770,10
1771,3
1772,1
1773,2
1774,4
1775,3
1776,1
1777,1
1778,1
1779,8
1780,6
1781,3
1782,1
1783,1
1784,1
1785,4
1786,1
1787,6
1788,1
1789,8
1790,4
1791,1
1792,3
1793,3
1794,1
1795,3
1796,1
1797,1
1798,4
1799,3
1800,1
1801,1
1802,8
1803,2
1804,1
1805,1
1806,1
1807,2
1808,3
1809,4
1810,2
1811,1
1812,1
1813,4
1814,1
1815,4
1816,1
1817,1
1818,1
1819,3
1820,2
1821,1
1822,1
1823,1
1824,4
1825,4
1826,3
1827,2
1828,1
1829,6
1830,9
1831,3
1832,5
1833,8
1834,5
1835,2
1836,8
1837,8
1838,3
1839,8
1840,1
1841,1
1842,1
1843,1
1844,6
1845,1
1846,2
1847,4
1848,1
1849,1
1850,1
1851,1
1852,1
1853,1
1854,2
1855,9
1856,1
1857,1
1858,3
1859,2
1860,2
1861,2
1862,1
1863,2
1864,1
1865,1
1866,4
1867,1
1868,1
1869,5
1870,6
1871,1
1872,3
1873,1
1874,2
1875,2
1876,1
1877,5
1878,4
1879,1
1880,3
1881,1
1882,4
1883,3
1884,2
1885,1
1886,4
1887,1
1888,3
1889,1
1890,4
1891,1
1892,2
1893,4
1894,5
1895,6
1896,4
1897,1
1898,1
1899,5
1900,10
1901,1
1902,8
1903,4
1904,8
1905,2
1906,6
1907,2
1908,4
1909,1
1910,1
1911,4
1912,2
1913,1
1914,1
1915,2
1916,2
1917,2
1918,1
1919,1
1920,1
1921,1
1922,1
1923,1
1924,4
1925,9
1926,1
1927,3
1928,3
1929,1
1930,4
1931,8
1932,6
1933,2
1934,6
1935,1
1936,1
1937,3
1938,2
1939,1
1940,3
1941,8
1942,1
1943,2
1944,6
1945,1
1946,2
1947,1
1948,5
1949,3
1950,8
1951,6
1952,3
1953,2
1954,2
1955,1
1956,1
1957,1
1958,8
1959,1
1960,1
1961,2
1962,3
1963,5
1964,1
1965,8
1966,2
1967,3
1968,5
1969,9
1970,4
1971,1
1972,4
1973,1
1974,2
1975,1
1976,1
1977,6
1978,1
1979,6
1980,8
1981,8
1982,9
1983,1
1984,1
1985,2
1986,6
1987,4
1988,1
1989,1
1990,8
1991,1
1992,1
1993,1
1994,1
1995,3
1996,1
1997,9
1998,1
1999,6
2000,1
2001,10
2002,4
2003,2
2004,1
2005,2
2006,6
2007,8
2008,1
2009,3
2010,4
2011,3
2012,4
2013,2
2014,2
2015,3
2016,3
2017,1
2018,9
2019,3
2020,5
2021,1
2022,4
2023,1
2024,1
2025,1
2026,2
2027,4
2028,1
2029,1
2030,1
2031,1
2032,8
2033,1
2034,1
2035,1
2036,6
2037,5
2038,5
2039,1
2040,1
2041,3
2042,8
2043,1
2044,1
2045,2
2046,4
2047,3
2048,4
2049,2
2050,5
2051,8
2052,1
2053,6
2054,1
2055,1
2056,2
2057,6
2058,2
2059,8
2060,9
2061,2
2062,5
2063,1
2064,1
2065,2
2066,8
2067,1
2068,1
2069,8
2070,1
2071,5
2072,6
2073,2
2074,1
2075,1
2076,1
2077,3
2078,3
2079,1
2080,4
2081,1
2082,1
2083,4
2084,1
2085,3
2086,1
2087,8
2088,1
2089,2
2090,1
2091,4
2092,2
2093,1
2094,4
2095,1
2096,3
2097,1
2098,2
2099,2
2100,1
2101,2
2102,1
2103,2
2104,2
2105,2
2106,4
2107,2
2108,8
2109,1
2110,6
2111,1
2112,8
2113,1
2114,1
2115,3
2116,1
2117,1
2118,4
2119,1
2120,2
2121,1
2122,2
2123,5
2124,2
2125,1
2126,1
2127,1
2128,5
2129,4
2130,1
2131,1
2132,1
2133,2
2134,1
2135,1
2136,1
2137,6
2138,3
2139,1
2140,1
2141,2
2142,5
2143,2
2144,2
2145,1
2146,2
2147,3
2148,3
2149,2
2150,1
2151,1
2152,1
2153,4
2154,4
2155,5
2156,3
2157,4
2158,2
2159,1
2160,1
2161,6
2162,2
2163,4
2164,1
2165,1
2166,3
2167,4
2168,2
2169,4
2170,5
2171,1
2172,1
2173,1
2174,3
2175,1
2176,1
2177,1
2178,8
2179,3
2180,1
2181,1
2182,1
2183,1
2184,6
2185,4
2186,2
2187,8
2188,3
2189,1
2190,1
2191,2
2192,8
2193,4
2194,1
2195,6
2196,1
2197,4
2198,1
2199,2
2200,2
2201,4
2202,8
2203,1
2204,3
2205,1
2206,2
2207,10
2208,1
2209,1
2210,8
2211,2
2212,1
2213,1
2214,3
2215,1
2216,3
2217,6
2218,8
2219,1
2220,2
2221,3
2222,1
2223,1
2224,3
2225,2
2226,8
2227,1
2228,8
2229,1
2230,4
2231,1
2232,1
2233,4
2234,1
2235,1
2236,4
2237,1
2238,8
2239,2
2240,1
2241,1
2242,1
2243,1
2244,5
2245,6
2246,1
2247,2
2248,3
2249,1
2250,2
2251,8
2252,4
2253,3
2254,3
2255,1
2256,1
2257,2
2258,2
2259,1
2260,1
2261,1
2262,3
2263,1
2264,1
2265,1
2266,1
2267,1
2268,8
2269,1
2270,1
2271,1
2272,1
2273,3
2274,1
2275,3
2276,5
2277,4
2278,3
2279,1
2280,1
2281,2
2282,2
2283,1
2284,6
2285,6
2286,1
2287,8
2288,1
2289,1
2290,8
2291,1
2292,2
2293,1
2294,2
2295,1
2296,1
2297,3
2298,3
2299,1
2300,5
2301,3
2302,6
2303,6
2304,1
2305,3
2306,1
2307,8
2308,2
2309,2
2310,5
2311,1
2312,1
2313,1
2314,6
2315,4
2316,1
2317,2
2318,3
2319,1
2320,3
2321,1
2322,2
2323,1
2324,3
2325,5
2326,3
2327,1
2328,8
2329,1
2330,1
2331,6
2332,1
2333,2
2334,1
2335,3
2336,1
2337,5
2338,1
2339,4
2340,2
2341,1
2342,8
2343,5
2344,2
2345,1
2346,1
2347,6
2348,2
2349,1
2350,5
2351,2
2352,3
2353,4
2354,1
2355,3
2356,4
2357,1
2358,3
2359,6
2360,1
2361,8
2362,3
2363,1
2364,1
2365,1
2366,3
2367,1
2368,8
2369,3
2370,5
2371,4
2372,6
2373,1
2374,1
2375,4
2376,2
2377,1
2378,1
2379,8
2380,8
2381,4
2382,9
2383,7
2384,1
2385,2
2386,3
2387,6
2388,1
2389,4
2390,1
2391,2
2392,1
2393,4
2394,8
2395,1
2396,1
2397,1
2398,1
2399,3
2400,4
2401,1
2402,4
2403,1
2404,7
2405,2
2406,3
2407,1
2408,1
2409,1
2410,3
2411,1
2412,1
2413,1
2414,2
2415,1
2416,1
2417,2
2418,3
2419,2
2420,1
2421,4
2422,3
2423,1
2424,1
2425,8
2426,8
2427,1
2428,4
2429,3
2430,3
2431,1
2432,2
2433,1
2434,3
2435,1
2436,1
2437,1
2438,1
2439,1
2440,2
2441,1
2442,2
2443,1
2444,1
2445,6
2446,5
2447,1
2448,2
2449,2
2450,1
2451,3
2452,8
2453,1
2454,1
2455,8
2456,5
2457,2
2458,1
2459,1
2460,3
2461,1
2462,1
2463,1
2464,4
2465,4
2466,4
2467,3
2468,4
2469,1
2470,4
2471,1
2472,1
2473,1
2474,6
2475,4
2476,1
2477,8
2478,4
2479,1
2480,3
2481,5
2482,3
2483,1
2484,5
2485,2
2486,2
2487,1
2488,2
2489,3
2490,4
2491,1
2492,1
2493,1
2494,8
2495,1
2496,2
2497,3
2498,4
2499,1
2500,6
2501,5
2502,4
2503,8
2504,1
2505,2
2506,1
2507,1
2508,1
2509,1
2510,1
2511,2
2512,4
2513,1
2514,2
2515,2
2516,3
2517,1
2518,1
2519,4
2520,1
2521,1
2522,5
2523,1
2524,3
2525,1
2526,1
2527,8
2528,2
2529,1
2530,1
2531,1
2532,8
2533,6
2534,5
2535,3
2536,1
2537,1
2538,3
2539,1
2540,3
2541,6
2542,1
2543,1
2544,3
2545,5
2546,1
2547,2
2548,1
2549,2
2550,1
2551,2
2552,1
2553,1
2554,2
2555,2
2556,6
2557,1
2558,4
2559,3
2560,1
2561,1
2562,6
2563,1
2564,3
2565,8
2566,6
2567,1
2568,8
2569,2
2570,1
2571,2
2572,6
2573,3
2574,2
2575,1
2576,1
2577,8
2578,1
2579,1
2580,1
2581,6
2582,5
2583,1
2584,1
2585,6
2586,1
2587,1
2588,1
2589,2
2590,3
2591,8
2592,2
2593,1
2594,5
2595,6
2596,4
2597,1
2598,1
2599,1
2600,1
2601,8
2602,1
2603,1
2604,1
2605,1
2606,1
2607,1
2608,2
2609,4
2610,6
2611,2
2612,1
2613,2
2614,2
2615,8
2616,1
2617,2
2618,1
2619,8
2620,1
2621,1
2622,1
2623,2
2624,2
2625,1
2626,1
2627,1
2628,1
2629,5
2630,3
2631,1
2632,4
2633,3
2634,3
2635,5
2636,1
2637,1
2638,2
2639,3
2640,6
2641,1
2642,1
2643,1
2644,1
2645,1
2646,8
2647,1
2648,1
2649,1
2650,2
2651,1
2652,8
2653,1
2654,9
2655,4
2656,8
2657,6
2658,1
2659,1
2660,4
2661,3
2662,4
2663,1
2664,8
2665,1
2666,3
2667,1
2668,3
2669,2
2670,3
2671,1
2672,1
2673,1
2674,1
2675,1
2676,1
2677,5
2678,2
2679,1
2680,1
2681,4
2682,1
2683,4
2684,3
2685,1
2686,1
2687,6
2688,4
2689,2
2690,1
2691,1
2692,3
2693,3
2694,6
2695,1
2696,3
2697,2
2698,1
2699,1
2700,1
2701,2
2702,2
2703,7
2704,5
2705,1
2706,1
2707,1
2708,4
2709,3
2710,1
2711,2
2712,8
2713,1
2714,1
2715,3
2716,1
2717,2
2718,3
2719,5
2720,1
2721,2
2722,4
2723,1
2724,1
2725,2
2726,6
2727,1
2728,4
2729,1
2730,8
2731,2
2732,1
2733,5
2734,1
2735,4
2736,1
2737,5
2738,1
2739,1
2740,1
2741,1
2742,3
2743,1
2744,1
2745,3
2746,1
2747,1
2748,1
2749,2
2750,2
2751,1
2752,1
2753,6
2754,6
2755,3
2756,3
2757,9
2758,2
2759,5
2760,2
2761,2
2762,1
2763,4
2764,1
2765,6
2766,2
2767,1
2768,4
2769,3
2770,2
2771,1
2772,1
2773,1
2774,1
2775,1
2776,1
2777,4
2778,4
2779,4
2780,1
2781,1
2782,1
2783,2
2784,2
2785,3
2786,1
2787,1
2788,1
2789,5
2790,1
2791,6
2792,3
2793,1
2794,1
2795,8
2796,4
2797,3
2798,5
2799,1
2800,4
2801,2
2802,4
2803,3
2804,3
2805,4
2806,1
2807,1
2808,1
2809,2
2810,1
2811,6
2812,4
2813,6
2814,3
2815,5
2816,1
2817,4
2818,1
2819,6
2820,2
2821,1
2822,6
2823,2
2824,1
2825,1
2826,1
2827,1
2828,9
2829,6
2830,1
2831,2
2832,5
2833,4
2834,4
2835,1
2836,2
2837,2
2838,1
2839,6
2840,8
2841,1
2842,1
2843,8
2844,1
2845,4
2846,1
2847,8
2848,2
2849,6
2850,1
2851,2
2852,1
2853,1
2854,1
2855,1
2856,2
2857,1
2858,2
2859,1
2860,8
2861,8
2862,2
2863,1
2864,9
2865,8
2866,4
2867,2
2868,2
2869,2
2870,2
2871,1
2872,1
2873,1
2874,3
2875,2
2876,1
2877,2
2878,1
2879,2
2880,1
2881,1
2882,3
2883,2
2884,3
2885,2
2886,1
2887,3
2888,1
2889,4
2890,1
2891,10
2892,2
2893,1
2894,4
2895,5
2896,1
2897,4
2898,4
2899,2
2900,5
2901,8
2902,1
2903,1
2904,10
2905,2
2906,2
2907,4
2908,3
2909,3
2910,1
2911,2
2912,1
2913,8
2914,1
2915,2
2916,1
2917,2
2918,8
2919,4
2920,2
2921,1
2922,4
2923,1
2924,1
2925,3
2926,1
2927,5
2928,1
2929,4
2930,1
2931,4
2932,1
2933,4
2934,1
2935,3
2936,1
2937,1
2938,1
2939,3
2940,4
2941,2
2942,5
2943,1
2944,1
2945,10
2946,1
2947,1
2948,5
2949,4
2950,1
2951,1
2952,1
2953,1
2954,8
2955,8
2956,1
2957,1
2958,1
2959,2
2960,3
2961,4
2962,1
2963,2
2964,2
2965,3
2966,3
2967,1
2968,1
2969,3
2970,1
2971,9
2972,3
2973,1
2974,1
2975,3
2976,1
2977,4
2978,2
2979,3
2980,2
2981,2
2982,2
2983,2
2984,7
2985,10
2986,2
2987,3
2988,1
2989,1
2990,4
2991,1
2992,3
2993,3
2994,2
2995,4
2996,2
2997,8
2998,3
2999,8
3000,1
3001,5
3002,2
3003,2
3004,1
3005,6
3006,5
3007,1
3008,2
3009,1
3010,1
3011,2
3012,2
3013,1
3014,1
3015,7
3016,8
3017,4
3018,1
3019,1
3020,3
3021,3
3022,1
3023,2
3024,2
3025,1
3026,4
3027,2
3028,4
3029,1
3030,4
3031,1
3032,8
3033,3
3034,6
3035,1
3036,1
3037,2
3038,1
3039,2
3040,6
3041,2
3042,1
3043,4
3044,2
3045,1
3046,1
3047,2
3048,1
3049,1
3050,1
3051,6
3052,1
3053,3
3054,1
3055,8
3056,1
3057,4
3058,2
3059,4
3060,1
3061,1
3062,1
3063,6
3064,1
3065,2
3066,2
3067,2
3068,6
3069,8
3070,4
3071,1
3072,1
3073,6
3074,1
3075,6
3076,4
3077,4
3078,6
3079,1
3080,4
3081,1
3082,6
3083,3
3084,3
3085,3
3086,5
3087,2
3088,1
3089,1
3090,3
3091,8
3092,1
3093,1
3094,1
3095,1
3096,1
3097,2
3098,3
3099,1
3100,1
3101,2
3102,4
3103,3
3104,2
3105,1
3106,2
3107,1
3108,1
3109,1
3110,1
3111,1
3112,1
3113,1
3114,4
3115,8
3116,8
3117,3
3118,1
3119,1
3120,9
3121,1
3122,1
3123,1
3124,1
3125,1
3126,1
3127,6
3128,5
3129,5
3130,3
3131,3
3132,1
3133,6
3134,1
3135,1
3136,1
3137,5
3138,1
3139,9
3140,5
3141,1
3142,1
3143,1
3144,1
3145,4
3146,1
3147,1
3148,3
3149,1
3150,8
3151,1
3152,1
3153,1
3154,4
3155,1
3156,2
3157,3
3158,3
3159,7
3160,2
3161,8
3162,4
3163,1
3164,1
3165,2
3166,1
3167,2
3168,4
3169,1
3170,5
3171,4
3172,1
3173,1
3174,2
3175,4
3176,8
3177,2
3178,1
3179,2
3180,1
3181,1
3182,1
3183,1
3184,1
3185,5
3186,3
3187,4
3188,1
3189,6
3190,1
3191,4
3192,1
3193,8
3194,3
3195,1
3196,4
3197,8
3198,1
3199,1
3200,1
3201,4
3202,1
3203,6
3204,5
3205,8
3206,6
3207,6
3208,1
3209,2
3210,1
3211,3
3212,1
3213,2
3214,6
3215,4
3216,1
3217,3
3218,4
3219,1
3220,8
3221,1
3222,1
3223,1
3224,3
3225,8
3226,1
3227,1
3228,1
3229,1
3230,3
3231,6
3232,3
3233,5
3234,1
3235,1
3236,3
3237,1
3238,1
3239,1
3240,6
3241,1
3242,6
3243,1
3244,5
3245,3
3246,8
3247,1
3248,1
3249,2
3250,2
3251,1
3252,3
3253,2
3254,4
3255,1
3256,3
3257,3
3258,1
3259,7
3260,1
3261,2
3262,9
3263,1
3264,1
3265,2
3266,1
3267,2
3268,2
3269,8
3270,1
3271,3
3272,1
3273,1
3274,4
3275,1
3276,2
3277,2
3278,2
3279,8
3280,4
3281,2
3282,1
3283,1
3284,2
3285,1
3286,1
3287,6
3288,1
3289,1
3290,1
3291,1
3292,1
3293,2
3294,3
3295,6
3296,2
3297,2
3298,1
3299,5
3300,1
3301,1
3302,1
3303,5
3304,2
3305,2
3306,6
3307,1
3308,6
3309,2
3310,1
3311,4
3312,1
3313,1
3314,4
3315,2
3316,1
3317,1
3318,1
3319,1
3320,1
3321,1
3322,1
3323,1
3324,1
3325,3
3326,1
3327,1
3328,1
3329,2
3330,1
3331,8
3332,3
3333,1
3334,10
3335,1
3336,1
3337,2
3338,2
3339,1
3340,1
3341,1
3342,1
3343,5
3344,1
3345,1
3346,3
3347,4
3348,1
3349,2
3350,1
3351,1
3352,3
3353,1
3354,1
3355,2
3356,3
3357,1
3358,1
3359,2
3360,1
3361,8
3362,3
3363,1
3364,1
3365,1
3366,4
3367,1
3368,3
3369,4
3370,2
3371,8
3372,2
3373,6
3374,2
3375,1
3376,6
3377,1
3378,1
3379,3
3380,1
3381,1
3382,2
3383,5
3384,8
3385,3
3386,1
3387,1
3388,1
3389,3
3390,1
3391,1
3392,6
3393,1
3394,2
3395,4
3396,1
3397,2
3398,1
3399,3
3400,4
3401,2
3402,6
3403,2
3404,1
3405,1
3406,8
3407,1
3408,1
3409,6
3410,1
3411,4
3412,6
3413,1
3414,3
3415,1
3416,3
3417,2
3418,4
3419,1
3420,6
3421,1
3422,8
3423,1
3424,1
3425,3
3426,1
3427,3
3428,1
3429,3
3430,1
3431,6
3432,4
3433,2
3434,8
3435,1
3436,5
3437,6
3438,1
3439,1
3440,3
3441,3
3442,3
3443,1
3444,1
3445,3
3446,1
3447,2
3448,1
3449,1
3450,1
3451,1
3452,2
3453,3
3454,6
3455,1
3456,1
3457,4
3458,1
3459,8
3460,2
3461,4
3462,2
3463,1
3464,5
3465,5
3466,1
3467,6
3468,6
3469,4
3470,2
3471,1
3472,8
3473,1
3474,6
3475,2
3476,3
3477,1
3478,4
3479,3
3480,2
3481,3
3482,1
3483,8
3484,6
3485,3
3486,1
3487,1
3488,1
3489,2
3490,6
3491,1
3492,1
3493,4
3494,2
3495,1
3496,1
3497,1
3498,3
3499,6
3500,4
3501,6
3502,5
3503,4
3504,2
3505,1
3506,1
3507,2
3508,1
3509,1
3510,2
3511,1
3512,7
3513,3
3514,4
3515,1
3516,3
3517,2
3518,3
3519,2
3520,1
3521,1
3522,2
3523,1
3524,1
3525,8
3526,6
3527,1
3528,1
3529,1
3530,2
3531,3
3532,1
3533,8
3534,1
3535,8
3536,2
3537,1
3538,4
3539,4
3540,1
3541,1
3542,6
3543,3
3544,4
3545,1
3546,4
3547,1
3548,1
3549,2
3550,1
3551,1
3552,2
3553,3
3554,6
3555,1
3556,1
3557,6
3558,1
3559,1
3560,6
3561,8
3562,3
3563,1
3564,6
3565,5
3566,1
3567,4
3568,2
3569,2
3570,1
3571,8
3572,9
3573,1
3574,2
3575,2
3576,1
3577,3
3578,4
3579,4
3580,1
3581,10
3582,4
3583,4
3584,4
3585,2
3586,1
3587,2
3588,2
3589,9
3590,1
3591,1
3592,2
3593,1
3594,1
3595,7
3596,1
3597,3
3598,2
3599,2
3600,1
3601,3
3602,1
3603,4
3604,4
3605,2
3606,2
3607,5
3608,2
3609,2
3610,1
3611,4
3612,1
3613,1
3614,4
3615,4
3616,1
3617,1
3618,1
3619,6
3620,5
3621,1
3622,9
3623,6
3624,1
3625,1
3626,6
3627,7
3628,1
3629,4
3630,2
3631,6
3632,2
3633,1
3634,1
3635,1
3636,1
3637,1
3638,8
3639,2
3640,2
3641,1
3642,2
3643,4
3644,1
3645,1
3646,3
3647,1
3648,1
3649,1
3650,6
3651,1
3652,1
3653,1
3654,2
3655,1
3656,3
3657,1
3658,2
3659,3
3660,2
3661,2
3662,8
3663,3
3664,4
3665,3
3666,1
3667,1
3668,1
3669,1
3670,3
3671,1
3672,1
3673,2
3674,3
3675,1
3676,5
3677,2
3678,6
3679,2
3680,4
3681,4
3682,3
3683,2
3684,8
3685,2
3686,6
3687,1
3688,2
3689,1
3690,10
3691,3
3692,2
3693,3
3694,1
3695,1
3696,3
3697,3
3698,1
3699,8
3700,1
3701,10
3702,1
3703,1
3704,1
3705,5
3706,4
3707,6
3708,5
3709,1
3710,2
3711,1
3712,3
3713,2
3714,1
3715,5
3716,1
3717,1
3718,1
3719,2
3720,1
3721,1
3722,9
3723,1
3724,4
3725,8
3726,2
3727,3
3728,4
3729,1
3730,1
3731,1
3732,1
3733,1
3734,1
3735,1
3736,4
3737,1
3738,1
3739,1
3740,5
3741,1
3742,1
3743,2
3744,1
3745,1
3746,5
3747,2
3748,1
3749,1
3750,1
3751,1
3752,2
3753,1
3754,2
3755,1
3756,2
3757,1
3758,1
3759,1
3760,2
3761,2
3762,1
3763,3
3764,3
3765,2
3766,3
3767,1
3768,3
3769,3
3770,1
3771,1
3772,1
3773,4
3774,3
3775,1
3776,1
3777,1
3778,8
3779,4
3780,4
3781,1
3782,1
3783,1
3784,1
3785,8
3786,8
3787,1
3788,2
3789,9
3790,1
3791,6
3792,1
3793,1
3794,4
3795,1
3796,8
3797,4
3798,1
3799,6
3800,9
3801,1
3802,1
3803,1
3804,1
3805,1
3806,1
3807,3
3808,1
3809,8
3810,1
3811,1
3812,2
3813,1
3814,4
3815,2
3816,3
3817,1
3818,1
3819,1
3820,2
3821,1
3822,1
3823,1
3824,2
3825,1
3826,1
3827,3
3828,1
3829,1
3830,2
3831,1
3832,1
3833,2
3834,1
3835,1
3836,1
3837,1
3838,3
3839,6
3840,6
3841,2
3842,2
3843,1
3844,1
3845,1
3846,4
3847,4
3848,8
3849,1
3850,1
3851,1
3852,1
3853,3
3854,2
3855,9
3856,1
3857,2
3858,2
3859,1
3860,1
3861,5
3862,1
3863,1
3864,5
3865,4
3866,1
3867,5
3868,2
3869,3
3870,2
3871,1
3872,2
3873,4
3874,2
3875,1
3876,2
3877,8
3878,1
3879,2
3880,1
3881,6
3882,1
3883,3
3884,3
3885,1
3886,1
3887,1
3888,2
3889,3
3890,1
3891,1
3892,1
3893,3
3894,2
3895,8
3896,6
3897,6
3898,1
3899,1
3900,2
3901,4
3902,1
3903,8
3904,2
3905,2
3906,1
3907,1
3908,2
3909,5
3910,1
3911,4
3912,4
3913,1
3914,6
3915,2
3916,4
3917,6
3918,2
3919,2
3920,3
3921,1
3922,6
3923,4
3924,1
3925,2
3926,2
3927,2
3928,1
3929,2
3930,6
3931,4
3932,3
3933,2
3934,3
3935,1
3936,2
3937,1
3938,4
3939,6
3940,5
3941,1
3942,9
3943,1
3944,1
3945,1
3946,5
3947,6
3948,8
3949,1
3950,2
3951,4
3952,4
3953,3
3954,3
3955,1
3956,1
3957,3
3958,1
3959,2
3960,1
3961,3
3962,4
3963,5
3964,1
3965,1
3966,8
3967,1
3968,2
3969,10
3970,1
3971,5
3972,8
3973,4
3974,1
3975,1
3976,1
3977,1
3978,8
3979,1
3980,4
3981,1
3982,5
3983,3
3984,3
3985,5
3986,1
3987,4
3988,1
3989,8
3990,1
3991,2
3992,1
3993,3
3994,1
3995,3
3996,1
3997,1
3998,5
3999,1
4000,3
4001,1
4002,1
4003,1
4004,8
4005,6
4006,1
4007,4
4008,1
4009,2
4010,1
4011,1
4012,1
4013,2
4014,4
4015,1
4016,1
4017,1
4018,1
4019,4
4020,5
4021,6
4022,7
4023,8
4024,6
4025,1
4026,1
4027,4
4028,1
4029,3
4030,4
4031,4
4032,1
4033,1
4034,1
4035,1
4036,1
4037,1
4038,3
4039,2
4040,1
4041,3
4042,1
4043,3
4044,4
4045,2
4046,6
4047,10
4048,1
4049,3
4050,1
4051,3
4052,1
4053,1
4054,1
4055,1
4056,1
4057,6
4058,1
4059,2
4060,2
4061,6
4062,5
4063,2
4064,1
4065,1
4066,2
4067,1
4068,6
4069,1
4070,1
4071,8
4072,3
4073,5
4074,4
4075,4
4076,1
4077,1
4078,3
4079,3
4080,8
4081,1
4082,4
4083,1
4084,8
4085,4
4086,6
4087,2
4088,1
4089,1
4090,3
4091,4
4092,1
4093,1
4094,1
4095,3
4096,2
4097,5
4098,3
4099,1
4100,1
4101,1
4102,4
4103,2
4104,2
4105,8
4106,2
4107,8
4108,6
4109,3
4110,2
4111,1
4112,4
4113,4
4114,2
4115,2
4116,1
4117,1
4118,1
4119,2
4120,9
4121,6
4122,1
4123,3
4124,1
4125,6
4126,3
4127,4
4128,2
4129,3
4130,3
4131,1
4132,1
4133,4
4134,6
4135,2
4136,1
4137,8
4138,5
4139,1
4140,1
4141,3
4142,1
4143,6
4144,4
4145,8
4146,3
4147,5
4148,2
4149,2
4150,3
4151,2
4152,5
4153,7
4154,1
4155,3
4156,1
4157,2
4158,2
4159,4
4160,1
4161,2
4162,3
4163,6
4164,1
4165,2
4166,6
4167,8
4168,2
4169,2
4170,1
4171,2
4172,4
4173,1
4174,1
4175,1
4176,2
4177,2
4178,8
4179,2
4180,1
4181,3
4182,8
4183,2
4184,3
4185,6
4186,4
4187,1
4188,1
4189,2
4190,6
4191,3
4192,4
4193,2
4194,1
4195,2
4196,1
4197,1
4198,3
4199,1
4200,2
4201,6
4202,8
4203,6
4204,1
4205,5
4206,4
4207,4
4208,2
4209,1
4210,8
4211,3
4212,1
4213,8
4214,2
4215,2
4216,1
4217,2
4218,1
4219,7
4220,1
4221,1
4222,1
4223,1
4224,3
4225,3
4226,1
4227,6
4228,1
4229,1
4230,1
4231,4
4232,2
4233,5
4234,8
4235,3
4236,1
4237,2
4238,3
4239,1
4240,4
4241,1
4242,1
4243,2
4244,9
4245,1
4246,3
4247,2
4248,1
4249,2
4250,9
4251,4
4252,2
4253,1
4254,1
4255,2
4256,1
4257,1
4258,3
4259,1
4260,2
4261,2
4262,1
4263,2
4264,2
4265,4
4266,1
4267,8
4268,2
4269,4
4270,4
4271,1
4272,5
4273,1
4274,9
4275,2
4276,3
4277,6
4278,10
4279,1
4280,1
4281,5
4282,1
4283,1
4284,1
4285,1
4286,2
4287,1
4288,2
4289,1
4290,1
4291,1
4292,1
4293,4
4294,1
4295,3
4296,1
4297,1
4298,6
4299,3
4300,1
4301,2
4302,1
4303,1
4304,8
4305,8
4306,1
4307,4
4308,6
4309,4
4310,2
4311,1
4312,1
4313,1
4314,1
4315,2
4316,10
4317,1
4318,4
4319,1
4320,1
4321,1
4322,1
4323,2
4324,1
4325,2
4326,6
4327,2
4328,2
4329,1
4330,6
4331,3
4332,3
4333,1
4334,1
4335,3
4336,1
4337,2
4338,6
4339,2
4340,2
4341,1
4342,2
4343,5
4344,8
4345,2
4346,5
4347,6
4348,1
4349,6
4350,5
4351,1
4352,1
4353,2
4354,1
4355,2
4356,1
4357,1
4358,1
4359,1
4360,8
4361,4
4362,1
4363,1
4364,9
4365,1
4366,2
4367,6
4368,3
4369,8
4370,1
4371,5
4372,1
4373,3
4374,4
4375,2
4376,6
4377,4
4378,1
4379,1
4380,1
4381,4
4382,1
4383,4
4384,1
4385,1
4386,8
4387,4
4388,2
4389,1
4390,1
4391,1
4392,1
4393,3
4394,1
4395,1
4396,1
4397,4
4398,6
4399,1
4400,2
4401,3
4402,2
4403,1
4404,1
4405,2
4406,2
4407,4
4408,1
4409,1
4410,1
4411,1
4412,1
4413,1
4414,4
4415,2
4416,1
4417,3
4418,1
4419,1
4420,5
4421,3
4422,1
4423,2
4424,1
4425,1
4426,1
4427,3
4428,1
4429,3
4430,1
4431,2
4432,1
4433,1
4434,3
4435,6
4436,8
4437,1
4438,1
4439,2
4440,1
4441,5
4442,4
4443,1
4444,1
4445,1
4446,1
4447,9
4448,5
4449,1
4450,1
4451,4
4452,8
4453,4
4454,6
4455,1
4456,2
4457,1
4458,4
4459,6
4460,3
4461,2
4462,1
4463,2
4464,2
4465,6
4466,5
4467,1
4468,4
4469,1
4470,3
4471,4
4472,1
4473,2
4474,2
4475,3
4476,1
4477,1
4478,3
4479,1
4480,5
4481,1
4482,1
4483,6
4484,5
4485,1
4486,9
4487,1
4488,1
4489,1
4490,2
4491,1
4492,3
4493,1
4494,1
4495,2
4496,1
4497,1
4498,5
4499,1
4500,2
4501,1
4502,3
4503,6
4504,1
4505,1
4506,2
4507,2
4508,3
4509,1
4510,1
4511,2
4512,5
4513,2
4514,4
4515,7
4516,2
4517,1
4518,1
4519,1
4520,5
4521,2
4522,4
4523,2
4524,4
4525,1
4526,1
4527,5
4528,1
4529,2
4530,2
4531,4
4532,2
4533,2
4534,4
4535,9
4536,1
4537,4
4538,1
4539,6
4540,3
4541,8
4542,2
4543,2
4544,1
4545,1
4546,1
4547,2
4548,2
4549,1
4550,5
4551,1
4552,2
4553,1
4554,1
4555,2
4556,1
4557,1
4558,1
4559,1
4560,1
4561,1
4562,1
4563,1
4564,8
4565,1
4566,1
4567,1
4568,1
4569,1
4570,2
4571,1
4572,1
4573,1
4574,1
4575,2
4576,3
4577,1
4578,1
4579,1
4580,1
4581,1
4582,1
4583,1
4584,1
4585,6
4586,5
4587,4
4588,8
4589,2
4590,4
4591,1
4592,1
4593,3
4594,1
4595,2
4596,4
4597,2
4598,2
4599,3
4600,2
4601,2
4602,1
4603,6
4604,1
4605,4
4606,2
4607,4
4608,1
4609,1
4610,2
4611,1
4612,1
4613,4
4614,1
4615,1
4616,1
4617,2
4618,4
4619,1
4620,2
4621,1
4622,3
4623,1
4624,1
4625,3
4626,1
4627,1
4628,4
4629,1
4630,1
4631,8
4632,3
4633,6
4634,1
4635,3
4636,8
4637,5
4638,2
4639,1
4640,3
4641,8
4642,1
4643,3
4644,8
4645,1
4646,1
4647,1
4648,2
4649,5
4650,8
4651,4
4652,1
4653,6
4654,1
4655,4
4656,8
4657,3
4658,1
4659,2
4660,2
4661,2
4662,2
4663,9
4664,6
4665,1
4666,1
4667,7
4668,1
4669,4
4670,1
4671,1
4672,1
4673,4
4674,1
4675,1
4676,2
4677,1
4678,6
4679,6
4680,6
4681,3
4682,4
4683,1
4684,1
4685,1
4686,2
4687,1
4688,4
4689,8
4690,2
4691,9
4692,6
4693,2
4694,3
4695,1
4696,2
4697,6
4698,5
4699,6
4700,1
4701,3
4702,1
4703,4
4704,1
4705,1
4706,1
4707,2
4708,2
4709,6
4710,2
4711,1
4712,4
4713,5
4714,1
4715,1
4716,1
4717,1
4718,4
4719,6
4720,2
4721,2
4722,1
4723,1
4724,1
4725,8
4726,6
4727,1
4728,2
4729,1
4730,1
4731,7
4732,1
4733,1
4734,1
4735,1
4736,1
4737,1
4738,8
4739,3
4740,1
4741,4
4742,1
4743,4
4744,6
4745,6
4746,1
4747,2
4748,8
4749,1
4750,1
4751,8
4752,6
4753,1
4754,2
4755,5
4756,1
4757,3
4758,4
4759,2
4760,1
4761,1
4762,1
4763,4
4764,3
4765,1
4766,1
4767,6
4768,1
4769,1
4770,1
4771,2
4772,5
4773,1
4774,4
4775,1
4776,4
4777,8
4778,1
4779,1
4780,2
4781,5
4782,1
4783,1
4784,1
4785,3
4786,1
4787,3
4788,3
4789,1
4790,1
4791,4
4792,8
4793,1
4794,4
4795,4
4796,1
4797,3
4798,3
4799,3
4800,3
4801,5
4802,1
4803,1
4804,5
4805,8
4806,2
4807,1
4808,1
4809,2
4810,1
4811,1
4812,1
4813,1
4814,1
4815,3
4816,8
4817,4
4818,1
4819,3
4820,1
4821,6
4822,3
4823,5
4824,3
4825,1
4826,1
4827,1
4828,1
4829,1
4830,1
4831,1
4832,1
4833,1
4834,1
4835,1
4836,4
4837,2
4838,6
4839,2
4840,1
4841,4
4842,3
4843,2
4844,1
4845,1
4846,2
4847,2
4848,1
4849,1
4850,1
4851,10
4852,8
4853,3
4854,10
4855,1
4856,5
4857,1
4858,4
4859,1
4860,1
4861,1
4862,2
4863,6
4864,1
4865,1
4866,1
4867,3
4868,2
4869,4
4870,1
4871,1
4872,3
4873,3
4874,7
4875,1
4876,1
4877,1
4878,4
4879,1
4880,1
4881,1
4882,1
4883,1
4884,1
4885,6
4886,2
4887,2
4888,4
4889,1
4890,3
4891,5
4892,6
4893,1
4894,1
4895,1
4896,1
4897,1
4898,1
4899,4
4900,1
4901,2
4902,1
4903,8
4904,2
4905,1
4906,1
4907,2
4908,1
4909,2
4910,8
4911,1
4912,1
4913,4
4914,4
4915,1
4916,2
4917,3
4918,1
4919,3
4920,1
4921,2
4922,4
4923,1
4924,2
4925,1
4926,1
4927,3
4928,2
4929,2
4930,2
4931,4
4932,1
4933,1
4934,1
4935,4
4936,3
4937,1
4938,1
4939,1
4940,2
4941,7
4942,1
4943,2
4944,1
4945,4
4946,1
4947,5
4948,1
4949,6
4950,1
4951,2
4952,1
4953,1
4954,1
4955,2
4956,4
4957,1
4958,1
4959,1
4960,1
4961,5
4962,2
4963,2
4964,4
4965,1
4966,1
4967,1
4968,1
4969,2
4970,4
4971,3
4972,2
4973,1
4974,1
4975,1
4976,2
4977,1
4978,1
4979,1
4980,1
4981,1
4982,1
4983,10
4984,6
4985,1
4986,5
4987,1
4988,4
4989,1
4990,5
4991,8
4992,4
4993,6
4994,1
4995,2
4996,1
4997,4
4998,4
4999,1
5000,3
5001,1
5002,1
5003,1
5004,3
5005,1
5006,4
5007,4
5008,6
5009,1
5010,5
5011,7
5012,1
5013,3
5014,1
5015,2
5016,2
5017,5
5018,4
5019,2
5020,5
5021,1
5022,1
5023,3
5024,2
5025,1
5026,8
5027,1
5028,4
5029,3
5030,1
5031,1
5032,10
5033,1
5034,2
5035,1
5036,1
5037,1
5038,2
5039,2
5040,1
5041,6
5042,6
5043,2
5044,1
5045,4
5046,1
5047,6
5048,1
5049,4
5050,1
5051,1
5052,3
5053,1
5054,1
5055,2
5056,1
5057,2
5058,8
5059,9
5060,1
5061,8
5062,4
5063,5
5064,2
5065,4
5066,4
5067,3
5068,2
5069,1
5070,1
5071,1
5072,5
5073,4
5074,2
5075,4
5076,1
5077,2
5078,2
5079,5
5080,2
5081,1
5082,4
5083,2
5084,1
5085,1
5086,2
5087,6
5088,2
5089,3
5090,1
5091,5
5092,2
5093,1
5094,3
5095,1
5096,4
5097,1
5098,1
5099,1
5100,2
5101,1
5102,9
5103,1
5104,1
5105,4
5106,1
5107,2
5108,2
5109,1
5110,1
5111,4
5112,3
5113,4
5114,3
5115,2
5116,1
5117,1
5118,2
5119,2
5120,1
5121,7
5122,2
5123,1
5124,1
5125,6
5126,1
5127,1
5128,1
5129,2
5130,2
5131,1
5132,1
5133,3
5134,1
5135,1
5136,1
5137,2
5138,1
5139,1
5140,6
5141,1
5142,1
5143,4
5144,8
5145,3
5146,6
5147,1
5148,3
5149,3
5150,1
5151,1
5152,4
5153,2
5154,6
5155,3
5156,1
5157,3
5158,1
5159,1
5160,7
5161,6
5162,2
5163,1
5164,1
5165,2
5166,1
5167,1
5168,1
5169,3
5170,6
5171,1
5172,5
5173,1
5174,9
5175,1
5176,3
5177,4
5178,4
5179,1
5180,1
5181,8
5182,2
5183,1
5184,9
5185,3
5186,8
5187,2
5188,4
5189,1
5190,1
5191,9
5192,4
5193,8
5194,8
5195,1
5196,3
5197,1
5198,8
5199,1
5200,1
5201,1
5202,2
5203,1
5204,2
5205,3
5206,2
5207,1
5208,2
5209,3
5210,1
5211,1
5212,1
5213,6
5214,1
5215,2
5216,1
5217,1
5218,2
5219,1
5220,8
5221,6
5222,5
5223,6
5224,1
5225,6
5226,6
5227,1
5228,2
5229,2
5230,2
5231,1
5232,2
5233,2
5234,1
5235,2
5236,3
5237,1
5238,3
5239,1
5240,1
5241,6
5242,1
5243,1
5244,1
5245,4
5246,4
5247,1
5248,5
5249,6
5250,1
5251,2
5252,1
5253,1
5254,1
5255,1
5256,1
5257,2
5258,5
5259,2
5260,4
5261,1
5262,6
5263,4
5264,4
5265,3
5266,3
5267,6
5268,1
5269,2
5270,2
5271,1
5272,3
5273,1
5274,1
5275,1
5276,2
5277,1
5278,5
5279,8
5280,9
5281,6
5282,1
5283,1
5284,10
5285,1
5286,1
5287,3
5288,9
5289,2
5290,9
5291,7
5292,3
5293,1
5294,8
5295,8
5296,4
5297,1
5298,9
5299,1
5300,5
5301,1
5302,8
5303,2
5304,3
5305,4
5306,1
5307,8
5308,2
5309,1
5310,3
5311,6
5312,2
5313,1
5314,1
5315,1
5316,1
5317,1
5318,5
5319,2
5320,1
5321,3
5322,1
5323,3
5324,1
5325,1
5326,1
5327,1
5328,1
5329,1
5330,3
5331,1
5332,1
5333,5
5334,1
5335,1
5336,1
5337,9
5338,1
5339,1
5340,1
5341,3
5342,6
5343,3
5344,5
5345,1
5346,1
5347,5
5348,3
5349,6
5350,5
5351,1
5352,6
5353,1
5354,2
5355,1
5356,1
5357,2
5358,1
5359,1
5360,8
5361,3
5362,2
5363,5
5364,1
5365,1
5366,10
5367,1
5368,6
5369,1
5370,1
5371,2
5372,1
5373,2
5374,1
5375,4
5376,1
5377,8
5378,2
5379,2
5380,2
5381,1
5382,1
5383,9
5384,1
5385,7
5386,2
5387,2
5388,9
5389,4
5390,1
5391,2
5392,2
5393,3
5394,4
5395,3
5396,4
5397,1
5398,3
5399,2
5400,1
5401,1
5402,5
5403,1
5404,1
5405,8
5406,3
5407,2
5408,2
5409,1
5410,1
5411,5
5412,1
5413,3
5414,1
5415,2
5416,5
5417,2
5418,1
5419,3
5420,1
5421,1
5422,3
5423,1
5424,1
5425,1
5426,4
5427,3
5428,1
5429,2
5430,2
5431,5
5432,4
5433,1
5434,1
5435,2
5436,1
5437,1
5438,9
5439,5
5440,10
5441,1
5442,4
5443,6
5444,4
5445,4
5446,1
5447,3
5448,1
5449,1
5450,1
5451,1
5452,4
5453,4
5454,1
5455,6
5456,3
5457,1
5458,2
5459,3
5460,1
5461,1
5462,5
5463,5
5464,1
5465,10
5466,1
5467,1
5468,8
5469,1
5470,10
5471,1
5472,1
5473,3
5474,3
5475,6
5476,2
5477,1
5478,3
5479,1
5480,1
5481,3
5482,2
5483,1
5484,1
5485,6
5486,1
5487,1
5488,2
5489,1
5490,1
5491,1
5492,3
5493,6
5494,1
5495,3
5496,1
5497,8
5498,1
5499,2
5500,1
5501,4
5502,6
5503,1
5504,2
5505,3
5506,1
5507,1
5508,4
5509,4
5510,1
5511,6
5512,6
5513,4
5514,2
5515,2
5516,1
5517,1
5518,2
5519,1
5520,2
5521,1
5522,1
5523,6
5524,2
5525,2
5526,1
5527,4
5528,1
5529,3
5530,4
5531,1
5532,4
5533,2
5534,8
5535,3
5536,1
5537,2
5538,3
5539,1
5540,4
5541,1
5542,5
5543,6
5544,9
5545,2
5546,3
5547,2
5548,2
5549,1
5550,5
5551,3
5552,1
5553,3
5554,3
5555,3
5556,8
5557,1
5558,10
5559,4
5560,2
5561,8
5562,1
5563,1
5564,1
5565,1
5566,2
5567,1
5568,3
5569,7
5570,1
5571,1
5572,1
5573,1
5574,2
5575,1
5576,1
5577,3
5578,3
5579,2
5580,1
5581,7
5582,1
5583,1
5584,1
5585,6
5586,1
5587,2
5588,2
5589,1
5590,3
5591,4
5592,1
5593,3
5594,2
5595,4
5596,1
5597,8
5598,1
5599,6
5600,1
5601,2
5602,1
5603,3
5604,1
5605,1
5606,1
5607,1
5608,1
5609,8
5610,1
5611,2
5612,3
5613,1
5614,1
5615,2
5616,1
5617,6
5618,2
5619,2
5620,5
5621,2
5622,2
5623,1
5624,1
5625,1
5626,1
5627,8
5628,1
5629,1
5630,1
5631,4
5632,6
5633,4
5634,1
5635,1
5636,1
5637,2
5638,1
5639,3
5640,8
5641,2
5642,1
5643,1
5644,6
5645,1
5646,4
5647,1
5648,3
5649,1
5650,1
5651,6
5652,1
5653,6
5654,8
5655,1
5656,1
5657,9
5658,1
5659,2
5660,1
5661,1
5662,3
5663,1
5664,1
5665,1
5666,2
5667,3
5668,2
5669,1
5670,8
5671,6
5672,1
5673,1
5674,2
5675,1
5676,1
5677,4
5678,1
5679,1
5680,2
5681,1
5682,1
5683,9
5684,1
5685,1
5686,4
5687,1
5688,2
5689,1
5690,1
5691,1
5692,3
5693,2
5694,1
5695,2
5696,5
5697,2
5698,4
5699,3
5700,6
5701,3
5702,1
5703,3
5704,1
5705,1
5706,4
5707,6
5708,5
5709,2
5710,5
5711,1
5712,1
5713,1
5714,4
5715,3
5716,1
5717,3
5718,2
5719,1
5720,3
5721,2
5722,2
5723,4
5724,2
5725,4
5726,1
5727,1
5728,7
5729,2
5730,8
5731,6
5732,3
5733,4
5734,2
5735,1
5736,4
5737,6
5738,1
5739,1
5740,1
5741,4
5742,1
5743,1
5744,1
5745,1
5746,1
5747,4
5748,4
5749,1
5750,3
5751,1
5752,4
5753,1
5754,1
5755,1
5756,6
5757,4
5758,2
5759,6
5760,4
5761,3
5762,4
5763,3
5764,2
5765,1
5766,8
5767,1
5768,2
5769,3
5770,9
5771,2
5772,1
5773,4
5774,1
5775,4
5776,8
5777,6
5778,8
5779,2
5780,1
5781,2
5782,1
5783,1
5784,9
5785,1
5786,1
5787,2
5788,1
5789,2
5790,2
5791,1
5792,1
5793,1
5794,1
5795,2
5796,1
5797,8
5798,1
5799,6
5800,6
5801,1
5802,5
5803,5
5804,1
5805,1
5806,1
5807,3
5808,1
5809,3
5810,5
5811,2
5812,1
5813,4
5814,2
5815,5
5816,5
5817,1
5818,2
5819,4
5820,2
5821,4
5822,1
5823,2
5824,8
5825,2
5826,3
5827,1
5828,9
5829,1
5830,3
5831,1
5832,2
5833,10
5834,2
5835,2
5836,1
5837,1
5838,1
5839,8
5840,2
5841,1
5842,8
5843,1
5844,4
5845,3
5846,3
5847,3
5848,1
5849,1
5850,6
5851,1
5852,1
5853,8
5854,1
5855,2
5856,4
5857,2
5858,2
5859,1
5860,1
5861,2
5862,6
5863,1
5864,3
5865,1
5866,6
5867,1
5868,6
5869,1
5870,1
5871,1
5872,1
5873,8
5874,1
5875,5
5876,1
5877,1
5878,4
5879,1
5880,2
5881,1
5882,2
5883,1
5884,2
5885,1
5886,3
5887,1
5888,1
5889,1
5890,2
5891,1
5892,1
5893,4
5894,1
5895,2
5896,6
5897,2
5898,1
5899,3
5900,1
5901,8
5902,3
5903,6
5904,3
5905,1
5906,4
5907,4
5908,1
5909,3
5910,6
5911,1
5912,4
5913,1
5914,1
5915,5
5916,1
5917,1
5918,4
5919,1
5920,3
5921,8
5922,1
5923,3
5924,6
5925,5
5926,3
5927,1
5928,1
5929,2
5930,3
5931,6
5932,4
5933,1
5934,1
5935,6
5936,1
5937,1
5938,6
5939,2
5940,1
5941,4
5942,1
5943,2
5944,1
5945,4
5946,1
5947,2
5948,1
5949,1
5950,3
5951,2
5952,1
5953,2
5954,3
5955,3
5956,3
5957,1
5958,1
5959,2
5960,2
5961,1
5962,4
5963,2
5964,2
5965,1
5966,1
5967,4
5968,1
5969,1
5970,5
5971,1
5972,3
5973,4
5974,2
5975,2
5976,1
5977,1
5978,2
5979,3
5980,2
5981,8
5982,3
5983,4
5984,1
5985,1
5986,2
5987,1
5988,1
5989,1
5990,2
5991,6
5992,1
5993,1
5994,1
5995,1
5996,3
5997,2
5998,2
5999,1
6000,2
6001,1
6002,6
6003,6
6004,4
6005,1
6006,1
6007,2
6008,2
6009,1
6010,1
6011,3
6012,3
6013,2
6014,1
6015,8
6016,2
6017,8
6018,4
6019,1
6020,3
6021,9
6022,5
6023,1
6024,3
6025,1
6026,4
6027,1
6028,8
6029,1
6030,1
6031,8
6032,8
6033,1
6034,5
6035,6
6036,3
6037,4
6038,1
6039,1
6040,5
6041,4
6042,3
6043,9
6044,6
6045,2
6046,2
6047,1
6048,2
6049,1
6050,4
6051,1
6052,1
6053,1
6054,2
6055,1
6056,6
6057,1
6058,1
6059,1
6060,4
6061,1
6062,1
6063,2
6064,2
6065,1
6066,5
6067,6
6068,2
6069,8
6070,2
6071,1
6072,2
6073,3
6074,2
6075,1
6076,5
6077,1
6078,1
6079,4
6080,2
6081,1
6082,4
6083,4
6084,4
6085,1
6086,7
6087,1
6088,3
6089,1
6090,2
6091,1
6092,6
6093,5
6094,1
6095,8
6096,3
6097,1
6098,1
6099,1
6100,3
6101,2
6102,1
6103,3
6104,1
6105,6
6106,8
6107,1
6108,3
6109,1
6110,3
6111,1
6112,8
6113,2
6114,1
6115,2
6116,3
6117,2
6118,1
6119,8
6120,2
6121,1
6122,5
6123,3
6124,1
6125,1
6126,6
6127,4
6128,7
6129,4
6130,1
6131,1
6132,1
6133,1
6134,4
6135,1
6136,8
6137,2
6138,1
6139,5
6140,1
6141,6
6142,1
6143,1
6144,1
6145,1
6146,1
6147,1
6148,3
6149,2
6150,2
6151,1
6152,6
6153,6
6154,1
6155,2
6156,2
6157,8
6158,1
6159,1
6160,3
6161,1
6162,8
6163,1
6164,2
6165,1
6166,3
6167,4
6168,1
6169,8
6170,4
6171,2
6172,4
6173,2
6174,1
6175,5
6176,3
6177,1
6178,1
6179,2
6180,4
6181,1
6182,4
6183,3
6184,3
6185,1
6186,3
6187,3
6188,6
6189,1
6190,5
6191,1
6192,1
6193,5
6194,2
6195,3
6196,2
6197,1
6198,2
6199,5
6200,1
6201,2
6202,3
6203,6
6204,1
6205,1
6206,4
6207,1
6208,1
6209,1
6210,1
6211,6
6212,1
6213,1
6214,6
6215,4
6216,2
6217,1
6218,6
6219,3
6220,1
6221,1
6222,1
6223,3
6224,1
6225,4
6226,1
6227,6
6228,1
6229,2
6230,2
6231,4
6232,2
6233,2
6234,1
6235,1
6236,1
6237,2
6238,1
6239,3
6240,4
6241,1
6242,2
6243,2
6244,2
6245,3
6246,7
6247,2
6248,1
6249,3
6250,4
6251,1
6252,8
6253,1
6254,1
6255,1
6256,4
6257,1
6258,3
6259,4
6260,8
6261,1
6262,3
6263,1
6264,5
6265,2
6266,2
6267,1
6268,1
6269,2
6270,2
6271,8
6272,6
6273,1
6274,4
6275,9
6276,2
6277,2
6278,1
6279,1
6280,1
6281,1
6282,3
6283,2
6284,2
6285,1
6286,3
6287,1
6288,6
6289,3
6290,8
6291,1
6292,1
6293,1
6294,1
6295,3
6296,1
6297,1
6298,2
6299,7
6300,4
6301,5
6302,1
6303,3
6304,2
6305,1
6306,3
6307,1
6308,1
6309,1
6310,6
6311,4
6312,1
6313,8
6314,3
6315,1
6316,1
6317,2
6318,1
6319,1
6320,1
6321,3
6322,4
6323,3
6324,2
6325,5
6326,1
6327,1
6328,1
6329,2
6330,1
6331,1
6332,3
6333,4
6334,4
6335,4
6336,1
6337,1
6338,6
6339,1
6340,4
6341,3
6342,5
6343,3
6344,3
6345,6
6346,1
6347,1
6348,1
6349,1
6350,1
6351,1
6352,3
6353,2
6354,3
6355,3
6356,4
6357,4
6358,3
6359,1
6360,2
6361,2
6362,2
6363,8
6364,3
6365,1
6366,4
6367,1
6368,1
6369,5
6370,2
6371,1
6372,3
6373,5
6374,1
6375,3
6376,1
6377,1
6378,2
6379,2
6380,2
6381,1
6382,1
6383,1
6384,1
6385,1
6386,1
6387,3
6388,4
6389,1
6390,3
6391,4
6392,1
6393,1
6394,3
6395,5
6396,1
6397,3
6398,1
6399,7
6400,3
6401,1
6402,1
6403,2
6404,1
6405,2
6406,1
6407,1
6408,4
6409,4
6410,1
6411,5
6412,4
6413,1
6414,8
6415,1
6416,1
6417,1
6418,1
6419,1
6420,5
6421,1
6422,3
6423,4
6424,2
6425,2
6426,2
6427,2
6428,1
6429,1
6430,1
6431,1
6432,2
6433,2
6434,5
6435,4
6436,1
6437,1
6438,4
6439,6
6440,2
6441,4
6442,5
6443,1
6444,3
6445,1
6446,2
6447,1
6448,6
6449,2
6450,6
6451,1
6452,1
6453,1
6454,4
6455,2
6456,8
6457,2
6458,8
6459,1
6460,1
6461,5
6462,2
6463,1
6464,2
6465,1
6466,4
6467,1
6468,8
6469,2
6470,1
6471,1
6472,1
6473,3
6474,1
6475,2
6476,9
6477,5
6478,3
6479,1
6480,2
6481,6
6482,1
6483,3
6484,2
6485,6
6486,1
6487,2
6488,1
6489,4
6490,4
6491,2
6492,1
6493,1
6494,1
6495,9
6496,1
6497,1
6498,1
6499,4
6500,4
6501,1
6502,1
6503,6
6504,4
6505,2
6506,1
6507,8
6508,1
6509,1
6510,4
6511,1
6512,2
6513,1
6514,1
6515,1
6516,6
6517,1
6518,2
6519,1
6520,4
6521,1
6522,5
6523,1
6524,5
6525,1
6526,3
6527,1
6528,1
6529,6
6530,3
6531,1
6532,1
6533,6
6534,3
6535,3
6536,4
6537,3
6538,3
6539,2
6540,8
6541,1
6542,1
6543,3
6544,8
